"SampleType","n","mean_logCPM","median_logCPM","sd_logCPM"
"Primary Tumor",553,8.79603743875148,8.78895974023906,0.847264404027461
"Recurrent Tumor",1,10.555858019234,10.555858019234,NA
"Solid Tissue Normal",35,7.35258027831926,7.20334864198723,0.923623969106761
