"Cancer","Gene","HR","HR_lower95","HR_upper95","p_value","z_score"
"TCGA-UCEC","EZR",1.04486316497928,0.8218241238842,1.32843390915639,0.720175795179902,0.358223856772528
