"Cancer","Gene","HR","HR_lower95","HR_upper95","p_value","z_score"
"TCGA-PAAD","EZR",1.62234917515388,1.27227773351373,2.06874393600638,9.5510205927322e-05,3.90172353361043
