"Cancer","Gene","HR","HR_lower95","HR_upper95","p_value","z_score"
"TCGA-KIRC","EZR",0.623839455339825,0.520838861241382,0.747209348225509,2.97409142327495e-07,-5.12508145415151
