"Cancer","Gene","HR","HR_lower95","HR_upper95","p_value","z_score"
"TCGA-LIHC","EZR",1.20448790316468,1.00611491217083,1.44197356715425,0.0427279041447603,2.02636002626648
