Cancer,Gene,HR,HR_lower95,HR_upper95,p_value,z_score
TCGA-READ,EZR,0.784070218,0.390672518,1.573609811,0.693721225,-0.684402204
