"SampleType","n","mean_logCPM","median_logCPM","sd_logCPM"
"Primary Tumor",372,7.45680889278227,7.43393461969505,0.849637383243743
"Recurrent Tumor",14,7.78986422534356,7.73002444033723,0.564942052562555
"Solid Tissue Normal",5,7.64996985659002,7.67515151698664,0.177947805759365
