"Cancer","Gene","HR","HR_lower95","HR_upper95","p_value","z_score"
"TCGA-KIRP","EZR",0.535537204937631,0.369232253742631,0.776747142118091,0.00099614839269674,-3.29161229085608
