"Cancer","Gene","HR","HR_lower95","HR_upper95","p_value","z_score"
"TCGA-GBM","EZR",0.856772764372323,0.738729834216959,0.993677980459912,0.0409717259205225,-2.04381602022152
