"Cancer","Gene","HR","HR_lower95","HR_upper95","p_value","z_score"
"TCGA-HNSC","EZR",1.41695564144976,1.16359343193315,1.72548523800163,0.000525532411841075,3.46739326148293
