"Cancer","Gene","HR","HR_lower95","HR_upper95","p_value","z_score"
"TCGA-STAD","EZR",0.956807242747888,0.812459616375521,1.12680074347434,0.596684472691735,-0.529174401482832
