Cancer,Gene,HR,HR_lower95,HR_upper95,p_value,z_score
TCGA-COAD,EZR,1.097209794,0.799530066,1.505721151,0.665636948,0.574488992
