"SampleType","n","mean_logCPM","median_logCPM","sd_logCPM"
"Primary Tumor",371,5.97422035953385,6.02547762513382,1.01103523221631
"Recurrent Tumor",3,5.53114175960218,5.36031169874492,0.601790028355171
"Solid Tissue Normal",50,6.65217967232458,6.65516947913471,0.482876816815577
