"Cancer","Gene","HR","HR_lower95","HR_upper95","p_value","z_score"
"TCGA-STAD","PODXL",1.05905099285246,0.879370835331897,1.27544485261269,0.545297838578911,0.604821150686561
