"Cancer","Gene","HR","HR_lower95","HR_upper95","p_value","z_score"
"TCGA-UCEC","PODXL",0.78032939461205,0.661572781965036,0.92040359079916,0.00323336115024185,-2.9446347502974
