"SampleType","n","mean_logCPM","median_logCPM","sd_logCPM"
"Primary Tumor",426,7.50496315003593,7.49964798841747,1.1572535326759
"Recurrent Tumor",8,6.8656856172116,7.16390356470459,0.813691915154227
