"Cancer","Gene","HR","HR_lower95","HR_upper95","p_value","z_score"
"TCGA-LIHC","PODXL",0.945600977405639,0.812085064163575,1.10106840764454,0.471385147443808,-0.720227154425416
