"Cancer","Gene","HR","HR_lower95","HR_upper95","p_value","z_score"
"TCGA-COAD","PODXL",1.25935758351347,0.990922863534002,1.60050956690682,0.0593745007047165,1.88541003154481
