"SampleType","n","mean_logCPM","median_logCPM","sd_logCPM"
"Primary Tumor",553,7.50311252250725,7.4856372968504,1.28615623916623
"Recurrent Tumor",1,8.61233843325235,8.61233843325235,NA
"Solid Tissue Normal",35,7.95882526403932,8.04046373031219,0.717039013996111
