"Cancer","Gene","HR","HR_lower95","HR_upper95","p_value","z_score"
"TCGA-KIRP","PODXL",1.14700210986875,1.00125553005071,1.31396411860689,0.0479218909225992,1.97806042042398
