"Cancer","Gene","HR","HR_lower95","HR_upper95","p_value","z_score"
"TCGA-OV","PODXL",1.02745800399917,0.925353172376984,1.14082923309187,0.611989730981827,0.507235297737891
