"SampleType","n","mean_logCPM","median_logCPM","sd_logCPM"
"Primary Tumor",166,6.2987562208762,6.24325128656073,0.684461634326707
"Recurrent Tumor",1,5.94435416794005,5.94435416794005,NA
"Solid Tissue Normal",10,5.60434451738202,5.6005780160078,0.514999749720812
