"SampleType","n","mean_logCPM","median_logCPM","sd_logCPM"
"Metastatic",1,4.54405626306101,4.54405626306101,NA
"Primary Tumor",481,6.33076971905407,6.32648324870982,0.781384188545428
"Recurrent Tumor",1,5.97653439411706,5.97653439411706,NA
"Solid Tissue Normal",41,5.55513050378979,5.58657692403037,0.511282498910395
