"Cancer","Gene","HR","HR_lower95","HR_upper95","p_value","z_score"
"TCGA-KIRC","PODXL",0.688678876747916,0.614945996059569,0.771252432437708,1.078445976747e-10,-6.45552468717009
