"Cancer","Gene","HR","HR_lower95","HR_upper95","p_value","z_score"
"TCGA-GBM","PODXL",1.12170599340988,0.938474257424112,1.34071267879545,0.206898629654768,1.26213940088827
