"Cancer","Gene","HR","HR_lower95","HR_upper95","p_value","z_score"
"TCGA-PAAD","PODXL",1.32715716932767,1.08900596417119,1.61738889413551,0.00503237496508825,2.80495407340566
