"SampleType","n","mean_logCPM","median_logCPM","sd_logCPM"
"Primary Tumor",372,7.12753306740552,7.13288069662014,0.786947463699303
"Recurrent Tumor",14,7.17693352052981,7.36902397972309,1.01447009961673
"Solid Tissue Normal",5,6.6727332254171,6.89993590355319,0.678489139131795
