"Cancer","Gene","HR","HR_lower95","HR_upper95","p_value","z_score"
"TCGA-LUSC","PODXL",1.10805755618449,0.980368518534503,1.25237757496833,0.10047104426237,1.64257428779567
