"Cancer","Gene","HR","HR_lower95","HR_upper95","p_value","z_score"
"TCGA-LUAD","PODXL",1.06830658255686,0.895147054843207,1.27496253063608,0.463976040115333,0.732315468441969
