"Cancer","Gene","HR","HR_lower95","HR_upper95","p_value","z_score"
"TCGA-READ","PODXL",0.782702429105592,0.441966494368859,1.38613017125345,0.40078977887749,-0.840211558413003
