"SampleType","n","mean_logCPM","median_logCPM","sd_logCPM"
"Primary Tumor",371,4.89128756162414,4.97686051349217,1.11609590556243
"Recurrent Tumor",3,5.04081713805373,5.24349821352793,0.66359088012295
"Solid Tissue Normal",50,3.50359589067276,3.49007149993406,0.734594716485861
