"SampleType","n","mean_logCPM","median_logCPM","sd_logCPM"
"Primary Tumor",540,6.16322593891778,6.2234109602345,0.775114908275874
"Recurrent Tumor",2,6.53876636076182,6.53876636076182,0.983011133912501
"Solid Tissue Normal",59,7.33887285755007,7.39081604384643,0.580871769954377
