"Cancer","Gene","HR","HR_lower95","HR_upper95","p_value","z_score"
"TCGA-HNSC","PODXL",0.896199604386426,0.791811638282448,1.01434948928584,0.0828340297760638,-1.73447391712605
